Image,Start,End,Ransac
configure,1580489595.149032,1580489595.151084,0
connect,1580489595.16611,1580489595.166203,0
disconnect,1580489595.172519,1580489595.172562,0
