Image,Start,End,Ransac
configure,1580489571.897031,1580489571.898837,0
connect,1580489571.902309,1580489571.902387,0
disconnect,1580489664.4791,1580489664.479172,0
