Image,Start,End,Ransac
configure,1580452197.510226,1580452197.512583,0
connect,1580452197.516242,1580452197.516327,0
disconnect,1580452253.393088,1580452253.393153,0
