Image,Start,End,Ransac
configure,1580489616.814093,1580489616.816328,0
connect,1580489616.820888,1580489616.821287,0
disconnect,1580489616.826851,1580489616.826885,0
