Image,Start,End,Ransac
configure,1580452181.374598,1580452181.379957,0
connect,1580452181.38347,1580452181.383556,0
disconnect,1580452181.388611,1580452181.388648,0
