Image,Start,End,Ransac
configure,1580452166.120083,1580452166.122337,0
connect,1580452166.12603,1580452166.12612,0
disconnect,1580452255.47973,1580452255.479789,0
