Image,Start,End,Ransac
configure,1580452210.402844,1580452210.404872,0
connect,1580452210.408268,1580452210.408353,0
disconnect,1580452210.412997,1580452210.413041,0
