Image,Start,End,Ransac
configure,1580067065.13242,1580067065.133728,0
connect,1580067065.137523,1580067065.137618,0
disconnect,1580067534.56803,1580067534.568116,0
