Image,Start,End,Ransac
configure,1580489607.524878,1580489607.526902,0
connect,1580489607.531909,1580489607.531999,0
disconnect,1580489607.537957,1580489607.537998,0
